,column #,coefficients,coefficients error
0,1.0,0.23458392827117702,0.10086198574777544
1,2.0,2.4086626568679623,0.23415931455542108
