,column #,coefficients,coefficients error
0,1.0,0.19434431649259043,0.09931649940567795
1,2.0,2.425849490512735,0.23015186035995736
