,column #,coefficients,coefficients error
0,1.0,0.21764370104488862,0.10060425415059703
1,2.0,2.3441025508863866,0.23442696912455738
